"Code","TL","L1","L2","L3","L4","dx"
1425,"cardiovascular","cerebrovascular disease","cerebral aneurysm",,,"cerebral aneurysm"
1491,"cardiovascular","cerebrovascular disease","stroke","brain haemorrhage",,"brain haemorrhage"
1583,"cardiovascular","cerebrovascular disease","stroke","ischaemic stroke",,"ischaemic stroke"
1086,"cardiovascular","cerebrovascular disease","stroke","subarachnoid haemorrhage",,"subarachnoid haemorrhage"
1081,"cardiovascular","cerebrovascular disease","stroke",,,"stroke"
1083,"cardiovascular","cerebrovascular disease","subdural haemorrhage/haematoma",,,"subdural haemorrhage/haematoma"
1082,"cardiovascular","cerebrovascular disease","transient ischaemic attack (tia)",,,"transient ischaemic attack (tia)"
1074,"cardiovascular","heart/cardiac problem","angina",,,"angina"
1588,"cardiovascular","heart/cardiac problem","cardiomyopathy","hypertrophic cardiomyopathy (hcm / hocm)",,"hypertrophic cardiomyopathy (hcm / hocm)"
1079,"cardiovascular","heart/cardiac problem","cardiomyopathy",,,"cardiomyopathy"
1471,"cardiovascular","heart/cardiac problem","heart arrhythmia","atrial fibrillation",,"atrial fibrillation"
1483,"cardiovascular","heart/cardiac problem","heart arrhythmia","atrial flutter",,"atrial flutter"
1485,"cardiovascular","heart/cardiac problem","heart arrhythmia","irregular heart beat",,"irregular heart beat"
1486,"cardiovascular","heart/cardiac problem","heart arrhythmia","sick sinus syndrome",,"sick sinus syndrome"
1487,"cardiovascular","heart/cardiac problem","heart arrhythmia","svt / supraventricular tachycardia",,"svt / supraventricular tachycardia"
1484,"cardiovascular","heart/cardiac problem","heart arrhythmia","wolff parkinson white / wpw syndrome",,"wolff parkinson white / wpw syndrome"
1077,"cardiovascular","heart/cardiac problem","heart arrhythmia",,,"heart arrhythmia"
1075,"cardiovascular","heart/cardiac problem","heart attack/myocardial infarction",,,"heart attack/myocardial infarction"
1076,"cardiovascular","heart/cardiac problem","heart failure/pulmonary odema",,,"heart failure/pulmonary odema"
1587,"cardiovascular","heart/cardiac problem","heart valve problem/heart murmur","aortic valve disease","aortic regurgitation / incompetence","aortic regurgitation / incompetence"
1490,"cardiovascular","heart/cardiac problem","heart valve problem/heart murmur","aortic valve disease","aortic stenosis","aortic stenosis"
1586,"cardiovascular","heart/cardiac problem","heart valve problem/heart murmur","aortic valve disease",,"aortic valve disease"
1585,"cardiovascular","heart/cardiac problem","heart valve problem/heart murmur","mitral valve disease","mitral regurgitation / incompetence","mitral regurgitation / incompetence"
1489,"cardiovascular","heart/cardiac problem","heart valve problem/heart murmur","mitral valve disease","mitral stenosis","mitral stenosis"
1488,"cardiovascular","heart/cardiac problem","heart valve problem/heart murmur","mitral valve disease","mitral valve prolapse","mitral valve prolapse"
1584,"cardiovascular","heart/cardiac problem","heart valve problem/heart murmur","mitral valve disease",,"mitral valve disease"
1078,"cardiovascular","heart/cardiac problem","heart valve problem/heart murmur",,,"heart valve problem/heart murmur"
1426,"cardiovascular","heart/cardiac problem","myocarditis",,,"myocarditis"
1590,"cardiovascular","heart/cardiac problem","pericardial problem","pericardial effusion",,"pericardial effusion"
1589,"cardiovascular","heart/cardiac problem","pericardial problem","pericarditis",,"pericarditis"
1080,"cardiovascular","heart/cardiac problem","pericardial problem",,,"pericardial problem"
1479,"cardiovascular","heart/cardiac problem","rheumatic fever",,,"rheumatic fever"
1066,"cardiovascular","heart/cardiac problem",,,,"heart/cardiac problem"
1473,"cardiovascular","high cholesterol",,,,"high cholesterol"
1072,"cardiovascular","hypertension","essential hypertension",,,"essential hypertension"
1073,"cardiovascular","hypertension","gestational hypertension/pre-eclampsia",,,"gestational hypertension/pre-eclampsia"
1065,"cardiovascular","hypertension",,,,"hypertension"
1495,"cardiovascular","other venous/lymphatic disease","lymphoedema",,,"lymphoedema"
1593,"cardiovascular","other venous/lymphatic disease","varicose ulcer",,,"varicose ulcer"
1494,"cardiovascular","other venous/lymphatic disease","varicose veins",,,"varicose veins"
1493,"cardiovascular","other venous/lymphatic disease",,,,"other venous/lymphatic disease"
1591,"cardiovascular","peripheral vascular disease","aortic aneurysm","aortic aneurysm rupture",,"aortic aneurysm rupture"
1592,"cardiovascular","peripheral vascular disease","aortic aneurysm","aortic dissection",,"aortic dissection"
1492,"cardiovascular","peripheral vascular disease","aortic aneurysm",,,"aortic aneurysm"
1088,"cardiovascular","peripheral vascular disease","arterial embolism",,,"arterial embolism"
1087,"cardiovascular","peripheral vascular disease","leg claudication/ intermittent claudication",,,"leg claudication/ intermittent claudication"
1067,"cardiovascular","peripheral vascular disease",,,,"peripheral vascular disease"
1094,"cardiovascular","venous thromboembolic disease","deep venous thrombosis (dvt)",,,"deep venous thrombosis (dvt)"
1093,"cardiovascular","venous thromboembolic disease","pulmonary embolism +/- dvt",,,"pulmonary embolism +/- dvt"
1068,"cardiovascular","venous thromboembolic disease",,,,"venous thromboembolic disease"
1682,"endocrine/diabetes","benign insulinoma",,,,"benign insulinoma"
1432,"endocrine/diabetes","carcinoid syndrome/tumour",,,,"carcinoid syndrome/tumour"
1239,"endocrine/diabetes","cushings syndrome",,,,"cushings syndrome"
1521,"endocrine/diabetes","diabetes","diabetes insipidus",,,"diabetes insipidus"
1221,"endocrine/diabetes","diabetes","gestational diabetes",,,"gestational diabetes"
1222,"endocrine/diabetes","diabetes","type 1 diabetes",,,"type 1 diabetes"
1223,"endocrine/diabetes","diabetes","type 2 diabetes",,,"type 2 diabetes"
1220,"endocrine/diabetes","diabetes",,,,"diabetes"
1233,"endocrine/diabetes","disorder of adrenal gland","adrenal tumour",,,"adrenal tumour"
1234,"endocrine/diabetes","disorder of adrenal gland","adrenocortical insufficiency/addison's disease",,,"adrenocortical insufficiency/addison's disease"
1235,"endocrine/diabetes","disorder of adrenal gland","hyperaldosteronism/conn's syndrome",,,"hyperaldosteronism/conn's syndrome"
1236,"endocrine/diabetes","disorder of adrenal gland","phaeochromocytoma",,,"phaeochromocytoma"
1232,"endocrine/diabetes","disorder of adrenal gland",,,,"disorder of adrenal gland"
1429,"endocrine/diabetes","disorder or pituitary gland","acromegaly",,,"acromegaly"
1431,"endocrine/diabetes","disorder or pituitary gland","hyperprolactinaemia",,,"hyperprolactinaemia"
1430,"endocrine/diabetes","disorder or pituitary gland","hypopituitarism",,,"hypopituitarism"
1238,"endocrine/diabetes","disorder or pituitary gland","pituitary adenoma/tumour",,,"pituitary adenoma/tumour"
1237,"endocrine/diabetes","disorder or pituitary gland",,,,"disorder or pituitary gland"
1611,"endocrine/diabetes","parathyroid gland problem (not cancer)","hyperparathyroidism",,,"hyperparathyroidism"
1230,"endocrine/diabetes","parathyroid gland problem (not cancer)","parathyroid hyperplasia/adenoma",,,"parathyroid hyperplasia/adenoma"
1229,"endocrine/diabetes","parathyroid gland problem (not cancer)",,,,"parathyroid gland problem (not cancer)"
1522,"endocrine/diabetes","thyroid problem (not cancer)","grave's disease",,,"grave's disease"
1225,"endocrine/diabetes","thyroid problem (not cancer)","hyperthyroidism/thyrotoxicosis",,,"hyperthyroidism/thyrotoxicosis"
1226,"endocrine/diabetes","thyroid problem (not cancer)","hypothyroidism/myxoedema",,,"hypothyroidism/myxoedema"
1610,"endocrine/diabetes","thyroid problem (not cancer)","thyroid goitre",,,"thyroid goitre"
1228,"endocrine/diabetes","thyroid problem (not cancer)","thyroid radioablation therapy",,,"thyroid radioablation therapy"
1428,"endocrine/diabetes","thyroid problem (not cancer)","thyroiditis",,,"thyroiditis"
1224,"endocrine/diabetes","thyroid problem (not cancer)",,,,"thyroid problem (not cancer)"
1504,"gastrointestinal/abdominal","bowel problem","anal problem","anal fissure",,"anal fissure"
1505,"gastrointestinal/abdominal","bowel problem","anal problem","haemorrhoids / piles",,"haemorrhoids / piles"
1503,"gastrointestinal/abdominal","bowel problem","anal problem",,,"anal problem"
1502,"gastrointestinal/abdominal","bowel problem","appendicitis",,,"appendicitis"
1601,"gastrointestinal/abdominal","bowel problem","bowel / intestinal infarction",,,"bowel / intestinal infarction"
1602,"gastrointestinal/abdominal","bowel problem","bowel / intestinal obstruction",,,"bowel / intestinal obstruction"
1600,"gastrointestinal/abdominal","bowel problem","bowel / intestinal perforation",,,"bowel / intestinal perforation"
1459,"gastrointestinal/abdominal","bowel problem","colitis/not crohns or ulcerative colitis",,,"colitis/not crohns or ulcerative colitis"
1599,"gastrointestinal/abdominal","bowel problem","constipation",,,"constipation"
1458,"gastrointestinal/abdominal","bowel problem","diverticular disease/diverticulitis",,,"diverticular disease/diverticulitis"
1457,"gastrointestinal/abdominal","bowel problem","duodenal ulcer",,,"duodenal ulcer"
1462,"gastrointestinal/abdominal","bowel problem","inflammatory bowel disease","crohns disease",,"crohns disease"
1463,"gastrointestinal/abdominal","bowel problem","inflammatory bowel disease","ulcerative colitis",,"ulcerative colitis"
1461,"gastrointestinal/abdominal","bowel problem","inflammatory bowel disease",,,"inflammatory bowel disease"
1154,"gastrointestinal/abdominal","bowel problem","irritable bowel syndrome",,,"irritable bowel syndrome"
1456,"gastrointestinal/abdominal","bowel problem","malabsorption/coeliac disease",,,"malabsorption/coeliac disease"
1460,"gastrointestinal/abdominal","bowel problem","rectal or colon adenoma/polyps",,,"rectal or colon adenoma/polyps"
1603,"gastrointestinal/abdominal","bowel problem","rectal prolapse",,,"rectal prolapse"
1160,"gastrointestinal/abdominal","liver/biliary/pancreas problem","bile duct disease","bile duct obstruction/ascending cholangitis",,"bile duct obstruction/ascending cholangitis"
1475,"gastrointestinal/abdominal","liver/biliary/pancreas problem","bile duct disease","sclerosing cholangitis",,"sclerosing cholangitis"
1159,"gastrointestinal/abdominal","liver/biliary/pancreas problem","bile duct disease",,,"bile duct disease"
1163,"gastrointestinal/abdominal","liver/biliary/pancreas problem","gall bladder disease","cholecystitis",,"cholecystitis"
1162,"gastrointestinal/abdominal","liver/biliary/pancreas problem","gall bladder disease","cholelithiasis/gall stones",,"cholelithiasis/gall stones"
1161,"gastrointestinal/abdominal","liver/biliary/pancreas problem","gall bladder disease",,,"gall bladder disease"
1507,"gastrointestinal/abdominal","liver/biliary/pancreas problem","haemochromatosis",,,"haemochromatosis"
1578,"gastrointestinal/abdominal","liver/biliary/pancreas problem","hepatitis","infective/viral hepatitis","hepatitis a","hepatitis a"
1579,"gastrointestinal/abdominal","liver/biliary/pancreas problem","hepatitis","infective/viral hepatitis","hepatitis b","hepatitis b"
1580,"gastrointestinal/abdominal","liver/biliary/pancreas problem","hepatitis","infective/viral hepatitis","hepatitis c","hepatitis c"
1581,"gastrointestinal/abdominal","liver/biliary/pancreas problem","hepatitis","infective/viral hepatitis","hepatitis d","hepatitis d"
1582,"gastrointestinal/abdominal","liver/biliary/pancreas problem","hepatitis","infective/viral hepatitis","hepatitis e","hepatitis e"
1156,"gastrointestinal/abdominal","liver/biliary/pancreas problem","hepatitis","infective/viral hepatitis",,"infective/viral hepatitis"
1157,"gastrointestinal/abdominal","liver/biliary/pancreas problem","hepatitis","non-infective hepatitis",,"non-infective hepatitis"
1155,"gastrointestinal/abdominal","liver/biliary/pancreas problem","hepatitis",,,"hepatitis"
1508,"gastrointestinal/abdominal","liver/biliary/pancreas problem","jaundice (unknown cause)",,,"jaundice (unknown cause)"
1604,"gastrointestinal/abdominal","liver/biliary/pancreas problem","liver failure/cirrhosis","alcoholic liver disease / alcoholic cirrhosis",,"alcoholic liver disease / alcoholic cirrhosis"
1506,"gastrointestinal/abdominal","liver/biliary/pancreas problem","liver failure/cirrhosis","primary biliary cirrhosis",,"primary biliary cirrhosis"
1158,"gastrointestinal/abdominal","liver/biliary/pancreas problem","liver failure/cirrhosis",,,"liver failure/cirrhosis"
1165,"gastrointestinal/abdominal","liver/biliary/pancreas problem","pancreatic disease","pancreatitis",,"pancreatitis"
1164,"gastrointestinal/abdominal","liver/biliary/pancreas problem","pancreatic disease",,,"pancreatic disease"
1136,"gastrointestinal/abdominal","liver/biliary/pancreas problem",,,,"liver/biliary/pancreas problem"
1138,"gastrointestinal/abdominal","oesophageal disorder","gastro-oesophageal reflux (gord) / gastric reflux",,,"gastro-oesophageal reflux (gord) / gastric reflux"
1474,"gastrointestinal/abdominal","oesophageal disorder","hiatus hernia",,,"hiatus hernia"
1140,"gastrointestinal/abdominal","oesophageal disorder","oesophageal stricture",,,"oesophageal stricture"
1141,"gastrointestinal/abdominal","oesophageal disorder","oesophageal varicies",,,"oesophageal varicies"
1139,"gastrointestinal/abdominal","oesophageal disorder","oesophagitis/barretts oesophagus",,,"oesophagitis/barretts oesophagus"
1134,"gastrointestinal/abdominal","oesophageal disorder",,,,"oesophageal disorder"
1605,"gastrointestinal/abdominal","other abdominal problem","abdominal hernia","femoral hernia",,"femoral hernia"
1606,"gastrointestinal/abdominal","other abdominal problem","abdominal hernia","incisional hernia",,"incisional hernia"
1513,"gastrointestinal/abdominal","other abdominal problem","abdominal hernia","inguinal hernia",,"inguinal hernia"
1512,"gastrointestinal/abdominal","other abdominal problem","abdominal hernia","umbilical hernia",,"umbilical hernia"
1511,"gastrointestinal/abdominal","other abdominal problem","abdominal hernia",,,"abdominal hernia"
1510,"gastrointestinal/abdominal","other abdominal problem","dyspepsia / indigestion",,,"dyspepsia / indigestion"
1509,"gastrointestinal/abdominal","other abdominal problem","gastroenteritis/dysentry",,,"gastroenteritis/dysentry"
1191,"gastrointestinal/abdominal","other abdominal problem","gastrointestinal bleeding",,,"gastrointestinal bleeding"
1400,"gastrointestinal/abdominal","other abdominal problem","peptic ulcer",,,"peptic ulcer"
1190,"gastrointestinal/abdominal","other abdominal problem","peritonitis",,,"peritonitis"
1137,"gastrointestinal/abdominal","other abdominal problem",,,,"other abdominal problem"
1142,"gastrointestinal/abdominal","stomach disorder","gastric/stomach ulcers",,,"gastric/stomach ulcers"
1143,"gastrointestinal/abdominal","stomach disorder","gastritis/gastric erosions",,,"gastritis/gastric erosions"
1501,"gastrointestinal/abdominal","stomach disorder","pyloric stenosis",,,"pyloric stenosis"
1135,"gastrointestinal/abdominal","stomach disorder",,,,"stomach disorder"
1666,"gynaecology/breast","breast disease (not cancer)","benign breast lump",,,"benign breast lump"
1367,"gynaecology/breast","breast disease (not cancer)","breast cysts",,,"breast cysts"
1560,"gynaecology/breast","breast disease (not cancer)","breast fibroadenoma",,,"breast fibroadenoma"
1366,"gynaecology/breast","breast disease (not cancer)","fibrocystic disease",,,"fibrocystic disease"
1364,"gynaecology/breast","breast disease (not cancer)",,,,"breast disease (not cancer)"
1662,"gynaecology/breast","gynaecological disorder (not cancer)","cervical problem","cervical erosion",,"cervical erosion"
1663,"gynaecology/breast","gynaecological disorder (not cancer)","cervical problem","cervical intra-epithelial neoplasia (cin) / precancerous cells cervix","abnormal smear (cervix)","abnormal smear (cervix)"
1554,"gynaecology/breast","gynaecological disorder (not cancer)","cervical problem","cervical intra-epithelial neoplasia (cin) / precancerous cells cervix",,"cervical intra-epithelial neoplasia (cin) / precancerous cells cervix"
1555,"gynaecology/breast","gynaecological disorder (not cancer)","cervical problem","cervical polyps",,"cervical polyps"
1553,"gynaecology/breast","gynaecological disorder (not cancer)","cervical problem",,,"cervical problem"
1664,"gynaecology/breast","gynaecological disorder (not cancer)","dysmenorrhoea / dysmenorrhea",,,"dysmenorrhoea / dysmenorrhea"
1403,"gynaecology/breast","gynaecological disorder (not cancer)","female infertility",,,"female infertility"
1665,"gynaecology/breast","gynaecological disorder (not cancer)","menopausal symptoms / menopause",,,"menopausal symptoms / menopause"
1556,"gynaecology/breast","gynaecological disorder (not cancer)","menorrhagia (unknown cause)",,,"menorrhagia (unknown cause)"
1681,"gynaecology/breast","gynaecological disorder (not cancer)","ovarian problem","ovarian cyst or cysts","hydatiform mole","hydatiform mole"
1349,"gynaecology/breast","gynaecological disorder (not cancer)","ovarian problem","ovarian cyst or cysts",,"ovarian cyst or cysts"
1350,"gynaecology/breast","gynaecological disorder (not cancer)","ovarian problem","polycystic ovaries/polycystic ovarian syndrome",,"polycystic ovaries/polycystic ovarian syndrome"
1551,"gynaecology/breast","gynaecological disorder (not cancer)","ovarian problem",,,"ovarian problem"
1557,"gynaecology/breast","gynaecological disorder (not cancer)","pelvic inflammatory disease/ pid",,,"pelvic inflammatory disease/ pid"
1402,"gynaecology/breast","gynaecological disorder (not cancer)","uterine problem","endometriosis",,"endometriosis"
1351,"gynaecology/breast","gynaecological disorder (not cancer)","uterine problem","uterine fibroids",,"uterine fibroids"
1352,"gynaecology/breast","gynaecological disorder (not cancer)","uterine problem","uterine polyps",,"uterine polyps"
1353,"gynaecology/breast","gynaecological disorder (not cancer)","uterine problem","vaginal prolapse/uterine prolapse",,"vaginal prolapse/uterine prolapse"
1552,"gynaecology/breast","gynaecological disorder (not cancer)","uterine problem",,,"uterine problem"
1348,"gynaecology/breast","gynaecological disorder (not cancer)",,,,"gynaecological disorder (not cancer)"
1558,"gynaecology/breast","obstetric problem","ectopic pregnancy",,,"ectopic pregnancy"
1559,"gynaecology/breast","obstetric problem","miscarriage",,,"miscarriage"
1548,"haematology/dermatology","dermatology","acne/acne vulgaris",,,"acne/acne vulgaris"
1667,"haematology/dermatology","dermatology","alopecia / hair loss",,,"alopecia / hair loss"
1345,"haematology/dermatology","dermatology","blistering/desquamating skin disorder","pemphigoid/pemphigus",,"pemphigoid/pemphigus"
1344,"haematology/dermatology","dermatology","blistering/desquamating skin disorder","stevens johnson syndrome",,"stevens johnson syndrome"
1454,"haematology/dermatology","dermatology","blistering/desquamating skin disorder",,,"blistering/desquamating skin disorder"
1680,"haematology/dermatology","dermatology","bowen's disease",,,"bowen's disease"
1625,"haematology/dermatology","dermatology","cellulitis",,,"cellulitis"
1455,"haematology/dermatology","dermatology","chronic skin ulcers",,,"chronic skin ulcers"
1452,"haematology/dermatology","dermatology","eczema/dermatitis",,,"eczema/dermatitis"
1549,"haematology/dermatology","dermatology","lichen planus",,,"lichen planus"
1550,"haematology/dermatology","dermatology","lichen sclerosis",,,"lichen sclerosis"
1453,"haematology/dermatology","dermatology","psoriasis",,,"psoriasis"
1660,"haematology/dermatology","dermatology","rosacea",,,"rosacea"
1661,"haematology/dermatology","dermatology","vitiligo",,,"vitiligo"
1332,"haematology/dermatology","haematology","anaemia","aplastic anaemia",,"aplastic anaemia"
1330,"haematology/dermatology","haematology","anaemia","iron deficiency anaemia",,"iron deficiency anaemia"
1331,"haematology/dermatology","haematology","anaemia","pernicious anaemia",,"pernicious anaemia"
1446,"haematology/dermatology","haematology","anaemia",,,"anaemia"
1546,"haematology/dermatology","haematology","clotting disorder/excessive bleeding","essential thrombocytosis",,"essential thrombocytosis"
1328,"haematology/dermatology","haematology","clotting disorder/excessive bleeding","haemophilia",,"haemophilia"
1327,"haematology/dermatology","haematology","clotting disorder/excessive bleeding","low platelets/platelet disorder",,"low platelets/platelet disorder"
1445,"haematology/dermatology","haematology","clotting disorder/excessive bleeding",,,"clotting disorder/excessive bleeding"
1339,"haematology/dermatology","haematology","hereditary/genetic haematological disorder","sickle cell disease",,"sickle cell disease"
1340,"haematology/dermatology","haematology","hereditary/genetic haematological disorder","thalassaemia",,"thalassaemia"
1451,"haematology/dermatology","haematology","hereditary/genetic haematological disorder",,,"hereditary/genetic haematological disorder"
1450,"haematology/dermatology","haematology","monoclonal gammopathy/not myeloma",,,"monoclonal gammopathy/not myeloma"
1658,"haematology/dermatology","haematology","myeloproliferative disorder","myelofibrosis",,"myelofibrosis"
1438,"haematology/dermatology","haematology","myeloproliferative disorder","polycythaemia vera",,"polycythaemia vera"
1449,"haematology/dermatology","haematology","myeloproliferative disorder",,,"myeloproliferative disorder"
1448,"haematology/dermatology","haematology","neutropenia/lymphopenia",,,"neutropenia/lymphopenia"
1447,"haematology/dermatology","haematology","pancytopenia",,,"pancytopenia"
1386,"immunological/systemic disorders","allergy/hypersensitivity/anaphylaxis","allergy or anaphylactic reaction to drug",,,"allergy or anaphylactic reaction to drug"
1385,"immunological/systemic disorders","allergy/hypersensitivity/anaphylaxis","allergy or anaphylactic reaction to food",,,"allergy or anaphylactic reaction to food"
1668,"immunological/systemic disorders","allergy/hypersensitivity/anaphylaxis","allergy to house dust mite",,,"allergy to house dust mite"
1670,"immunological/systemic disorders","allergy/hypersensitivity/anaphylaxis","contact dermatitis","allergy to elastoplast",,"allergy to elastoplast"
1671,"immunological/systemic disorders","allergy/hypersensitivity/anaphylaxis","contact dermatitis","allergy to nickel",,"allergy to nickel"
1669,"immunological/systemic disorders","allergy/hypersensitivity/anaphylaxis","contact dermatitis",,,"contact dermatitis"
1562,"immunological/systemic disorders","allergy/hypersensitivity/anaphylaxis","food intolerance",,,"food intolerance"
1387,"immunological/systemic disorders","allergy/hypersensitivity/anaphylaxis","hayfever/allergic rhinitis",,,"hayfever/allergic rhinitis"
1563,"immunological/systemic disorders","allergy/hypersensitivity/anaphylaxis","urticaria",,,"urticaria"
1374,"immunological/systemic disorders","allergy/hypersensitivity/anaphylaxis",,,,"allergy/hypersensitivity/anaphylaxis"
1564,"immunological/systemic disorders","antiphospholipid syndrome",,,,"antiphospholipid syndrome"
1482,"immunological/systemic disorders","chronic fatigue syndrome",,,,"chronic fatigue syndrome"
1480,"immunological/systemic disorders","connective tissue disorder","dermatopolymyositis","dermatomyositis",,"dermatomyositis"
1481,"immunological/systemic disorders","connective tissue disorder","dermatopolymyositis","polymyositis",,"polymyositis"
1383,"immunological/systemic disorders","connective tissue disorder","dermatopolymyositis",,,"dermatopolymyositis"
1561,"immunological/systemic disorders","connective tissue disorder","raynaud's phenomenon/disease",,,"raynaud's phenomenon/disease"
1384,"immunological/systemic disorders","connective tissue disorder","scleroderma/systemic sclerosis",,,"scleroderma/systemic sclerosis"
1382,"immunological/systemic disorders","connective tissue disorder","sjogren's syndrome/sicca syndrome",,,"sjogren's syndrome/sicca syndrome"
1381,"immunological/systemic disorders","connective tissue disorder","systemic lupus erythematosis/sle",,,"systemic lupus erythematosis/sle"
1376,"immunological/systemic disorders","connective tissue disorder","vasculitis","giant cell/temporal arteritis",,"giant cell/temporal arteritis"
1379,"immunological/systemic disorders","connective tissue disorder","vasculitis","microscopic polyarteritis",,"microscopic polyarteritis"
1380,"immunological/systemic disorders","connective tissue disorder","vasculitis","polyartertis nodosa",,"polyartertis nodosa"
1377,"immunological/systemic disorders","connective tissue disorder","vasculitis","polymyalgia rheumatica",,"polymyalgia rheumatica"
1378,"immunological/systemic disorders","connective tissue disorder","vasculitis","wegners granulmatosis",,"wegners granulmatosis"
1372,"immunological/systemic disorders","connective tissue disorder","vasculitis",,,"vasculitis"
1373,"immunological/systemic disorders","connective tissue disorder",,,,"connective tissue disorder"
1371,"immunological/systemic disorders","sarcoidosis",,,,"sarcoidosis"
1678,"infections","bacterial infection","chlamydia",,,"chlamydia"
1574,"infections","bacterial infection","diphtheria",,,"diphtheria"
1442,"infections","bacterial infection","helicobacter pylori",,,"helicobacter pylori"
1566,"infections","bacterial infection","mrsa / methicillin resistant staphylococcus aureus",,,"mrsa / methicillin resistant staphylococcus aureus"
1677,"infections","bacterial infection","scarlet fever / scarlatina",,,"scarlet fever / scarlatina"
1440,"infections","bacterial infection","tuberculosis (tb)",,,"tuberculosis (tb)"
1572,"infections","bacterial infection","whooping cough / pertussis",,,"whooping cough / pertussis"
1657,"infections","septicaemia / sepsis",,,,"septicaemia / sepsis"
1576,"infections","tropical & travel-related infections","dengue fever",,,"dengue fever"
1675,"infections","tropical & travel-related infections","giardia / giardiasis",,,"giardia / giardiasis"
1441,"infections","tropical & travel-related infections","malaria",,,"malaria"
1443,"infections","tropical & travel-related infections","schistosomiasis/bilharzia",,,"schistosomiasis/bilharzia"
1577,"infections","tropical & travel-related infections","typhoid fever",,,"typhoid fever"
1676,"infections","tropical & travel-related infections","yellow fever",,,"yellow fever"
1575,"infections","viral infection","herpes simplex",,,"herpes simplex"
1439,"infections","viral infection","hiv/aids",,,"hiv/aids"
1567,"infections","viral infection","infectious mononucleosis / glandular fever / epstein barr virus (ebv)",,,"infectious mononucleosis / glandular fever / epstein barr virus (ebv)"
1568,"infections","viral infection","measles / morbillivirus",,,"measles / morbillivirus"
1569,"infections","viral infection","mumps / epidemic parotitis",,,"mumps / epidemic parotitis"
1570,"infections","viral infection","rubella / german measles",,,"rubella / german measles"
1571,"infections","viral infection","varicella zoster virus","chickenpox",,"chickenpox"
1573,"infections","viral infection","varicella zoster virus","shingles",,"shingles"
1674,"infections","viral infection","varicella zoster virus",,,"varicella zoster virus"
1313,"musculoskeletal/trauma","back problem","ankylosing spondylitis",,,"ankylosing spondylitis"
1534,"musculoskeletal/trauma","back problem","back pain",,,"back pain"
1533,"musculoskeletal/trauma","back problem","disc problem","disc degeneration",,"disc degeneration"
1312,"musculoskeletal/trauma","back problem","disc problem","prolapsed disc/slipped disc",,"prolapsed disc/slipped disc"
1532,"musculoskeletal/trauma","back problem","disc problem",,,"disc problem"
1476,"musculoskeletal/trauma","back problem","sciatica",,,"sciatica"
1535,"musculoskeletal/trauma","back problem","scoliosis",,,"scoliosis"
1536,"musculoskeletal/trauma","back problem","spinal stenosis",,,"spinal stenosis"
1311,"musculoskeletal/trauma","back problem","spine arthritis/spondylitis",,,"spine arthritis/spondylitis"
1294,"musculoskeletal/trauma","back problem",,,,"back problem"
1308,"musculoskeletal/trauma","bone disorder","osteomyelitis",,,"osteomyelitis"
1617,"musculoskeletal/trauma","bone disorder","osteopenia",,,"osteopenia"
1309,"musculoskeletal/trauma","bone disorder","osteoporosis",,,"osteoporosis"
1310,"musculoskeletal/trauma","bone disorder","paget's disease",,,"paget's disease"
1293,"musculoskeletal/trauma","bone disorder",,,,"bone disorder"
1407,"musculoskeletal/trauma","burns",,,,"burns"
1629,"musculoskeletal/trauma","fracture","fracture head & neck","fracture face / orbit / eye socket",,"fracture face / orbit / eye socket"
1627,"musculoskeletal/trauma","fracture","fracture head & neck","fracture jaw",,"fracture jaw"
1630,"musculoskeletal/trauma","fracture","fracture head & neck","fracture neck / cervical fracture",,"fracture neck / cervical fracture"
1628,"musculoskeletal/trauma","fracture","fracture head & neck","fracture nose",,"fracture nose"
1626,"musculoskeletal/trauma","fracture","fracture head & neck","fracture skull / head",,"fracture skull / head"
1655,"musculoskeletal/trauma","fracture","fracture pelvis & lower limb","fracture foot","fracture metatarsal","fracture metatarsal"
1656,"musculoskeletal/trauma","fracture","fracture pelvis & lower limb","fracture foot","fracture toe","fracture toe"
1654,"musculoskeletal/trauma","fracture","fracture pelvis & lower limb","fracture foot",,"fracture foot"
1653,"musculoskeletal/trauma","fracture","fracture pelvis & lower limb","fracture lower leg / ankle","fracture fibula","fracture fibula"
1652,"musculoskeletal/trauma","fracture","fracture pelvis & lower limb","fracture lower leg / ankle","fracture tibia","fracture tibia"
1651,"musculoskeletal/trauma","fracture","fracture pelvis & lower limb","fracture lower leg / ankle",,"fracture lower leg / ankle"
1648,"musculoskeletal/trauma","fracture","fracture pelvis & lower limb","fracture neck of femur / hip",,"fracture neck of femur / hip"
1650,"musculoskeletal/trauma","fracture","fracture pelvis & lower limb","fracture patella / knee",,"fracture patella / knee"
1647,"musculoskeletal/trauma","fracture","fracture pelvis & lower limb","fracture pelvis",,"fracture pelvis"
1649,"musculoskeletal/trauma","fracture","fracture pelvis & lower limb","fracture shaft of femur",,"fracture shaft of femur"
1631,"musculoskeletal/trauma","fracture","fracture upper limb & shoulder","fracture clavicle / collar bone",,"fracture clavicle / collar bone"
1639,"musculoskeletal/trauma","fracture","fracture upper limb & shoulder","fracture finger",,"fracture finger"
1635,"musculoskeletal/trauma","fracture","fracture upper limb & shoulder","fracture forearm / wrist","fracture radius","fracture radius"
1636,"musculoskeletal/trauma","fracture","fracture upper limb & shoulder","fracture forearm / wrist","fracture ulna","fracture ulna"
1637,"musculoskeletal/trauma","fracture","fracture upper limb & shoulder","fracture forearm / wrist","fracture wrist / colles fracture","fracture wrist / colles fracture"
1634,"musculoskeletal/trauma","fracture","fracture upper limb & shoulder","fracture forearm / wrist",,"fracture forearm / wrist"
1638,"musculoskeletal/trauma","fracture","fracture upper limb & shoulder","fracture hand",,"fracture hand"
1632,"musculoskeletal/trauma","fracture","fracture upper limb & shoulder","fracture shoulder / scapula",,"fracture shoulder / scapula"
1640,"musculoskeletal/trauma","fracture","fracture upper limb & shoulder","fracture thumb",,"fracture thumb"
1633,"musculoskeletal/trauma","fracture","fracture upper limb & shoulder","fracture upper arm / humerus / elbow",,"fracture upper arm / humerus / elbow"
1644,"musculoskeletal/trauma","fracture","other fractures","fracture rib",,"fracture rib"
1645,"musculoskeletal/trauma","fracture","other fractures","fracture sternum",,"fracture sternum"
1646,"musculoskeletal/trauma","fracture","other fractures","fracture vertebra / crush fracture / vertebral collapse",,"fracture vertebra / crush fracture / vertebral collapse"
1538,"musculoskeletal/trauma","joint disorder","arthritis (nos)",,,"arthritis (nos)"
1466,"musculoskeletal/trauma","joint disorder","gout",,,"gout"
1465,"musculoskeletal/trauma","joint disorder","osteoarthritis",,,"osteoarthritis"
1537,"musculoskeletal/trauma","joint disorder","other joint disorder","joint pain",,"joint pain"
1467,"musculoskeletal/trauma","joint disorder","other joint disorder",,,"other joint disorder"
1477,"musculoskeletal/trauma","joint disorder","psoriatic arthropathy",,,"psoriatic arthropathy"
1464,"musculoskeletal/trauma","joint disorder","rheumatoid arthritis",,,"rheumatoid arthritis"
1295,"musculoskeletal/trauma","joint disorder",,,,"joint disorder"
1541,"musculoskeletal/trauma","muscle/soft tissue problem","carpal tunnel syndrome",,,"carpal tunnel syndrome"
1544,"musculoskeletal/trauma","muscle/soft tissue problem","dupuytren's contracture",,,"dupuytren's contracture"
1542,"musculoskeletal/trauma","muscle/soft tissue problem","fibromyalgia",,,"fibromyalgia"
1406,"musculoskeletal/trauma","muscle/soft tissue problem","muscle or soft tissue injuries",,,"muscle or soft tissue injuries"
1322,"musculoskeletal/trauma","muscle/soft tissue problem","myositis/myopathy",,,"myositis/myopathy"
1540,"musculoskeletal/trauma","muscle/soft tissue problem","plantar fascitis",,,"plantar fascitis"
1624,"musculoskeletal/trauma","muscle/soft tissue problem","soft tissue inflammation","bursitis","housemaid's knee (prepatellar bursitis)","housemaid's knee (prepatellar bursitis)"
1620,"musculoskeletal/trauma","muscle/soft tissue problem","soft tissue inflammation","bursitis",,"bursitis"
1623,"musculoskeletal/trauma","muscle/soft tissue problem","soft tissue inflammation","epicondylitis","tennis elbow / lateral epicondylitis","tennis elbow / lateral epicondylitis"
1622,"musculoskeletal/trauma","muscle/soft tissue problem","soft tissue inflammation","epicondylitis",,"epicondylitis"
1621,"musculoskeletal/trauma","muscle/soft tissue problem","soft tissue inflammation","synovitis",,"synovitis"
1619,"musculoskeletal/trauma","muscle/soft tissue problem","soft tissue inflammation","tendonitis / tendinitis / tenosynovitis",,"tendonitis / tendinitis / tenosynovitis"
1618,"musculoskeletal/trauma","muscle/soft tissue problem","soft tissue inflammation",,,"soft tissue inflammation"
1297,"musculoskeletal/trauma","muscle/soft tissue problem",,,,"muscle/soft tissue problem"
1478,"musculoskeletal/trauma","neck problem/injury","cervical spondylosis",,,"cervical spondylosis"
1545,"musculoskeletal/trauma","neck problem/injury",,,,"neck problem/injury"
1613,"neurology/eye/psychiatry","eye/eyelid problem","blepharitis / eyelid infection",,,"blepharitis / eyelid infection"
1278,"neurology/eye/psychiatry","eye/eyelid problem","cataract",,,"cataract"
1276,"neurology/eye/psychiatry","eye/eyelid problem","diabetic eye disease",,,"diabetic eye disease"
1529,"neurology/eye/psychiatry","eye/eyelid problem","dry eyes",,,"dry eyes"
1274,"neurology/eye/psychiatry","eye/eyelid problem","eye infection",,,"eye infection"
1279,"neurology/eye/psychiatry","eye/eyelid problem","eye trauma",,,"eye trauma"
1277,"neurology/eye/psychiatry","eye/eyelid problem","glaucoma",,,"glaucoma"
1530,"neurology/eye/psychiatry","eye/eyelid problem","iritis",,,"iritis"
1435,"neurology/eye/psychiatry","eye/eyelid problem","optic neuritis",,,"optic neuritis"
1528,"neurology/eye/psychiatry","eye/eyelid problem","retinal problem","macular degeneration",,"macular degeneration"
1282,"neurology/eye/psychiatry","eye/eyelid problem","retinal problem","retinal artery/vein occlusion",,"retinal artery/vein occlusion"
1281,"neurology/eye/psychiatry","eye/eyelid problem","retinal problem","retinal detachment",,"retinal detachment"
1527,"neurology/eye/psychiatry","eye/eyelid problem","retinal problem","retinitis pigmentosa",,"retinitis pigmentosa"
1275,"neurology/eye/psychiatry","eye/eyelid problem","retinal problem",,,"retinal problem"
1242,"neurology/eye/psychiatry","eye/eyelid problem",,,,"eye/eyelid problem"
1266,"neurology/eye/psychiatry","neurological injury/trauma","head injury",,,"head injury"
1394,"neurology/eye/psychiatry","neurological injury/trauma","peripheral nerve injury",,,"peripheral nerve injury"
1267,"neurology/eye/psychiatry","neurological injury/trauma","spinal injury",,,"spinal injury"
1240,"neurology/eye/psychiatry","neurological injury/trauma",,,,"neurological injury/trauma"
1433,"neurology/eye/psychiatry","neurology","cerebral palsy",,,"cerebral palsy"
1263,"neurology/eye/psychiatry","neurology","chronic/degenerative neurological problem","dementia/alzheimers/cognitive impairment",,"dementia/alzheimers/cognitive impairment"
1259,"neurology/eye/psychiatry","neurology","chronic/degenerative neurological problem","motor neurone disease",,"motor neurone disease"
1261,"neurology/eye/psychiatry","neurology","chronic/degenerative neurological problem","multiple sclerosis",,"multiple sclerosis"
1260,"neurology/eye/psychiatry","neurology","chronic/degenerative neurological problem","myasthenia gravis",,"myasthenia gravis"
1397,"neurology/eye/psychiatry","neurology","chronic/degenerative neurological problem","other demyelinating disease (not multiple sclerosis)",,"other demyelinating disease (not multiple sclerosis)"
1262,"neurology/eye/psychiatry","neurology","chronic/degenerative neurological problem","parkinsons disease",,"parkinsons disease"
1258,"neurology/eye/psychiatry","neurology","chronic/degenerative neurological problem",,,"chronic/degenerative neurological problem"
1250,"neurology/eye/psychiatry","neurology","cranial nerve problem/palsy","bell's palsy/facial nerve palsy",,"bell's palsy/facial nerve palsy"
1523,"neurology/eye/psychiatry","neurology","cranial nerve problem/palsy","trigemminal neuralgia",,"trigemminal neuralgia"
1249,"neurology/eye/psychiatry","neurology","cranial nerve problem/palsy",,,"cranial nerve problem/palsy"
1264,"neurology/eye/psychiatry","neurology","epilepsy",,,"epilepsy"
1245,"neurology/eye/psychiatry","neurology","infection of nervous system","brain abscess/intracranial abscess",,"brain abscess/intracranial abscess"
1246,"neurology/eye/psychiatry","neurology","infection of nervous system","encephalitis",,"encephalitis"
1247,"neurology/eye/psychiatry","neurology","infection of nervous system","meningitis",,"meningitis"
1248,"neurology/eye/psychiatry","neurology","infection of nervous system","spinal abscess",,"spinal abscess"
1244,"neurology/eye/psychiatry","neurology","infection of nervous system",,,"infection of nervous system"
1265,"neurology/eye/psychiatry","neurology","migraine",,,"migraine"
1525,"neurology/eye/psychiatry","neurology","other neurological problem","benign / essential tremor",,"benign / essential tremor"
1683,"neurology/eye/psychiatry","neurology","other neurological problem","benign neuroma",,"benign neuroma"
1436,"neurology/eye/psychiatry","neurology","other neurological problem","headaches (not migraine)",,"headaches (not migraine)"
1659,"neurology/eye/psychiatry","neurology","other neurological problem","meningioma / benign meningeal tumour",,"meningioma / benign meningeal tumour"
1437,"neurology/eye/psychiatry","neurology","other neurological problem","myasthenia gravis",,"myasthenia gravis"
1526,"neurology/eye/psychiatry","neurology","other neurological problem","polio / poliomyelitis",,"polio / poliomyelitis"
1434,"neurology/eye/psychiatry","neurology","other neurological problem",,,"other neurological problem"
1256,"neurology/eye/psychiatry","neurology","peripheral nerve disorder","acute infective polyneuritis/guillain-barre syndrome",,"acute infective polyneuritis/guillain-barre syndrome"
1468,"neurology/eye/psychiatry","neurology","peripheral nerve disorder","diabetic neuropathy/ulcers",,"diabetic neuropathy/ulcers"
1255,"neurology/eye/psychiatry","neurology","peripheral nerve disorder","peripheral neuropathy",,"peripheral neuropathy"
1257,"neurology/eye/psychiatry","neurology","peripheral nerve disorder","trapped nerve/compressed nerve",,"trapped nerve/compressed nerve"
1254,"neurology/eye/psychiatry","neurology","peripheral nerve disorder",,,"peripheral nerve disorder"
1252,"neurology/eye/psychiatry","neurology","spinal cord disorder","paraplegia",,"paraplegia"
1524,"neurology/eye/psychiatry","neurology","spinal cord disorder","spina bifida",,"spina bifida"
1251,"neurology/eye/psychiatry","neurology","spinal cord disorder",,,"spinal cord disorder"
1470,"neurology/eye/psychiatry","psychological/psychiatric problem","anorexia/bulimia/other eating disorder",,,"anorexia/bulimia/other eating disorder"
1287,"neurology/eye/psychiatry","psychological/psychiatric problem","anxiety/panic attacks",,,"anxiety/panic attacks"
1290,"neurology/eye/psychiatry","psychological/psychiatric problem","deliberate self-harm/suicide attempt",,,"deliberate self-harm/suicide attempt"
1531,"neurology/eye/psychiatry","psychological/psychiatric problem","depression","post-natal depression",,"post-natal depression"
1286,"neurology/eye/psychiatry","psychological/psychiatric problem","depression",,,"depression"
1616,"neurology/eye/psychiatry","psychological/psychiatric problem","insomnia",,,"insomnia"
1291,"neurology/eye/psychiatry","psychological/psychiatric problem","mania/bipolar disorder/manic depression",,,"mania/bipolar disorder/manic depression"
1288,"neurology/eye/psychiatry","psychological/psychiatric problem","nervous breakdown",,,"nervous breakdown"
1615,"neurology/eye/psychiatry","psychological/psychiatric problem","obsessive compulsive disorder (ocd)",,,"obsessive compulsive disorder (ocd)"
1469,"neurology/eye/psychiatry","psychological/psychiatric problem","post-traumatic stress disorder",,,"post-traumatic stress disorder"
1289,"neurology/eye/psychiatry","psychological/psychiatric problem","schizophrenia",,,"schizophrenia"
1614,"neurology/eye/psychiatry","psychological/psychiatric problem","stress",,,"stress"
1408,"neurology/eye/psychiatry","psychological/psychiatric problem","substance abuse/dependency","alcohol dependency",,"alcohol dependency"
1409,"neurology/eye/psychiatry","psychological/psychiatric problem","substance abuse/dependency","opioid dependency",,"opioid dependency"
1410,"neurology/eye/psychiatry","psychological/psychiatric problem","substance abuse/dependency","other substance abuse/dependency",,"other substance abuse/dependency"
1243,"neurology/eye/psychiatry","psychological/psychiatric problem",,,,"psychological/psychiatric problem"
1202,"renal/urology","bladder problem (not cancer)","urinary frequency / incontinence",,,"urinary frequency / incontinence"
1201,"renal/urology","bladder problem (not cancer)",,,,"bladder problem (not cancer)"
1197,"renal/urology","kidney stone/ureter stone/bladder stone",,,,"kidney stone/ureter stone/bladder stone"
1607,"renal/urology","other renal/kidney problem","kidney nephropathy","diabetic nephropathy",,"diabetic nephropathy"
1520,"renal/urology","other renal/kidney problem","kidney nephropathy","iga nephropathy",,"iga nephropathy"
1519,"renal/urology","other renal/kidney problem","kidney nephropathy",,,"kidney nephropathy"
1609,"renal/urology","other renal/kidney problem","nephritis","glomerulnephritis",,"glomerulnephritis"
1608,"renal/urology","other renal/kidney problem","nephritis",,,"nephritis"
1427,"renal/urology","other renal/kidney problem","polycystic kidney",,,"polycystic kidney"
1405,"renal/urology","other renal/kidney problem",,,,"other renal/kidney problem"
1518,"renal/urology","other urological problem (male)","erectile dysfunction / impotence",,,"erectile dysfunction / impotence"
1404,"renal/urology","other urological problem (male)","male infertility",,,"male infertility"
1516,"renal/urology","other urological problem (male)","prostate problem (not cancer)","bph / benign prostatic hypertrophy",,"bph / benign prostatic hypertrophy"
1396,"renal/urology","other urological problem (male)","prostate problem (not cancer)","enlarged prostate",,"enlarged prostate"
1517,"renal/urology","other urological problem (male)","prostate problem (not cancer)","prostatitis",,"prostatitis"
1207,"renal/urology","other urological problem (male)","prostate problem (not cancer)",,,"prostate problem (not cancer)"
1210,"renal/urology","other urological problem (male)","scrotal problem (not cancer)",,,"scrotal problem (not cancer)"
1214,"renal/urology","other urological problem (male)","testicular problems (not cancer)",,,"testicular problems (not cancer)"
1679,"renal/urology","other urological problem (male)","undescended testicle",,,"undescended testicle"
1194,"renal/urology","renal/kidney failure","renal failure not requiring dialysis",,,"renal failure not requiring dialysis"
1193,"renal/urology","renal/kidney failure","renal failure requiring dialysis",,,"renal failure requiring dialysis"
1192,"renal/urology","renal/kidney failure",,,,"renal/kidney failure"
1200,"renal/urology","ureteric obstruction/hydronephrosis",,,,"ureteric obstruction/hydronephrosis"
1514,"renal/urology","urinary tract infection/kidney infection","cystitis",,,"cystitis"
1515,"renal/urology","urinary tract infection/kidney infection","pyelonephritis",,,"pyelonephritis"
1196,"renal/urology","urinary tract infection/kidney infection",,,,"urinary tract infection/kidney infection"
1111,"respiratory/ent","asthma",,,,"asthma"
1114,"respiratory/ent","bronchiectasis",,,,"bronchiectasis"
1112,"respiratory/ent","chronic obstructive airways disease/copd",,,,"chronic obstructive airways disease/copd"
1496,"respiratory/ent","emphysema/chronic bronchitis","alpha-1 antitrypsin deficiency",,,"alpha-1 antitrypsin deficiency"
1412,"respiratory/ent","emphysema/chronic bronchitis","bronchitis",,,"bronchitis"
1472,"respiratory/ent","emphysema/chronic bronchitis","emphysema",,,"emphysema"
1113,"respiratory/ent","emphysema/chronic bronchitis",,,,"emphysema/chronic bronchitis"
1499,"respiratory/ent","ent disorder/not cancer","ear/vestibular disorder","labyrinthitis",,"labyrinthitis"
1421,"respiratory/ent","ent disorder/not cancer","ear/vestibular disorder","meniere's disease",,"meniere's disease"
1420,"respiratory/ent","ent disorder/not cancer","ear/vestibular disorder","otosclerosis",,"otosclerosis"
1597,"respiratory/ent","ent disorder/not cancer","ear/vestibular disorder","tinnitus / tiniitis",,"tinnitus / tiniitis"
1500,"respiratory/ent","ent disorder/not cancer","ear/vestibular disorder","vertigo",,"vertigo"
1415,"respiratory/ent","ent disorder/not cancer","ear/vestibular disorder",,,"ear/vestibular disorder"
1416,"respiratory/ent","ent disorder/not cancer","nasal/sinus disorder","chronic sinusitis",,"chronic sinusitis"
1417,"respiratory/ent","ent disorder/not cancer","nasal/sinus disorder","nasal polyps",,"nasal polyps"
1413,"respiratory/ent","ent disorder/not cancer","nasal/sinus disorder",,,"nasal/sinus disorder"
1418,"respiratory/ent","ent disorder/not cancer","throat or larynx disorder","chronic laryngitis",,"chronic laryngitis"
1598,"respiratory/ent","ent disorder/not cancer","throat or larynx disorder","tonsiltis",,"tonsiltis"
1419,"respiratory/ent","ent disorder/not cancer","throat or larynx disorder","vocal cord polyp",,"vocal cord polyp"
1414,"respiratory/ent","ent disorder/not cancer","throat or larynx disorder",,,"throat or larynx disorder"
1120,"respiratory/ent","interstitial lung disease","asbestosis",,,"asbestosis"
1122,"respiratory/ent","interstitial lung disease","fibrosing alveolitis/unspecified alveolitis",,,"fibrosing alveolitis/unspecified alveolitis"
1121,"respiratory/ent","interstitial lung disease","pulmonary fibrosis",,,"pulmonary fibrosis"
1115,"respiratory/ent","interstitial lung disease",,,,"interstitial lung disease"
1596,"respiratory/ent","other respiratory problems","pleural effusion",,,"pleural effusion"
1595,"respiratory/ent","other respiratory problems","pleural plaques (not known asbestosis)",,,"pleural plaques (not known asbestosis)"
1125,"respiratory/ent","other respiratory problems","pleurisy",,,"pleurisy"
1126,"respiratory/ent","other respiratory problems","pneumothorax","spontaneous pneumothorax/recurrent pneumothorax",,"spontaneous pneumothorax/recurrent pneumothorax"
1497,"respiratory/ent","other respiratory problems","pneumothorax",,,"pneumothorax"
1124,"respiratory/ent","other respiratory problems","respiratory failure",,,"respiratory failure"
1123,"respiratory/ent","other respiratory problems","sleep apnoea",,,"sleep apnoea"
1117,"respiratory/ent","other respiratory problems",,,,"other respiratory problems"
1498,"respiratory/ent","respiratory infection","empyema",,,"empyema"
1411,"respiratory/ent","respiratory infection","lung abscess",,,"lung abscess"
1398,"respiratory/ent","respiratory infection","pneumonia",,,"pneumonia"
1594,"respiratory/ent","respiratory infection",,,,"respiratory infection"
99999,"unclassifiable",,,,,"unclassifiable"
